190_kawashima_ami,0
073_subaru_nakajima,1
092_shindou_kei,2
096_golden_darkness,3
105_yuno,4
095_nerine,5
161_ryougi_shiki,6
087_suzumiya_haruka,7
075_katsura_hinagiku,8
131_belldandy,9
089_shigure_asa,10
081_yuzuhara_konomi,11
036_reisen_udongein_inaba,12
120_asakura_yume,13
127_setsuna_f_seiei,14
159_andou_mahoro,15
144_kotegawa_yui,16
080_koizumi_itsuki,17
123_midori,18
171_ikari_shinji,19
083_shirou_kamui,20
060_ichinose_kotomi,21
077_yoshida_kazumi,22
139_caro_ru_lushe,23
034_sakagami_tomoyo,24
009_hakurei_reimu,25
007_nagato_yuki,26
182_corticarte_apa_lagranges,27
153_canal_volphied,28
038_takara_miyuki,29
100_houjou_satoko,30
193_kagurazaka_asuna,31
112_hinamori_amu,32
149_asakura_otome,33
039_yagami_hayate,34
025_souryuu_asuka_langley,35
140_seto_san,36
150_maria,37
111_suigintou,38
097_kamikita_komari,39
173_reina,40
066_shameimaru_aya,41
010_izumi_konata,42
180_matsuoka_miu,43
185_akihime_sumomo,44
047_sheryl_nome,45
035_yoko,46
062_matou_sakura,47
138_kanu,48
088_vita,49
068_miyamura_miyako,50
188_aika_granzchesta,51
125_sakai_yuuji,52
074_daidouji_tomoyo,53
168_asagiri_mai,54
172_kisaragi_chihaya,55
043_konpaku_youmu,56
008_shana,57
014_hiiragi_kagami,58
158_enma_ai,59
029_kallen_stadtfeld,60
022_kururugi_suzaku,61
045_patchouli_knowledge,62
114_natsume_rin,63
091_komaki_manaka,64
004_takamachi_nanoha,65
998_ito_nobue,66
041_saigyouji_yuyuko,67
012_asahina_mikuru,68
157_ogasawara_sachiko,69
056_nagi,70
104_fukuzawa_yumi,71
040_flandre_scarlet,72
000_hatsune_miku,73
072_melon-chan,74
129_primula,75
030_aisaka_taiga,76
181_allen_walker,77
195_erio_mondial,78
063_ryuuguu_rena,79
011_kirisame_marisa,80
186_nanael,81
069_hayase_mitsuki,82
165_rollo_lamperouge,83
198_nogizaka_haruka,84
061_furude_rika,85
179_siesta,86
076_cirno,87
093_yuuki_mikan,88
102_katagiri_yuuhi,89
016_furukawa_nagisa,90
070_nijihara_ink,91
052_ranka_lee,92
046_alice_margatroid,93
002_suzumiya_haruhi,94
997_ana_coppola,95
059_sairenji_haruna,96
191_shidou_hikaru,97
003_fate_testarossa,98
132_minamoto_chizuru,99
118_noumi_kudryavka,100
032_yakumo_yukari,101
064_amami_haruka,102
051_houjou_reika,103
119_takatsuki_yayoi,104
184_suzumiya_akane,105
020_remilia_scarlet,106
042_tsukimura_mayu,107
107_chii,108
085_sonozaki_mion,109
175_saotome_alto,110
021_hirasawa_yui,111
057_li_syaoran,112
019_ayanami_rei,113
053_kousaka_tamaki,114
024_fujibayashi_kyou,115
134_nunnally_lamperouge,116
103_reinforce_zwei,117
054_horo,118
071_nagase_minato,119
137_sonsaku_hakufu,120
155_vivio,121
049_kyon,122
027_izayoi_sakuya,123
152_maka_albarn,124
121_arcueid_brunestud,125
079_teana_lanster,126
196_kikuchi_makoto,127
136_shirley_fenette,128
065_sanzenin_nagi,129
037_lala_satalin_deviluke,130
078_black_rock_shooter,131
044_nakano_azusa,132
090_minase_iori,133
058_kochiya_sanae,134
094_fuyou_kaede,135
015_c.c,136
174_hayama_mizuki,137
031_kotobuki_tsumugi,138
197_illyasviel_von_einzbern,139
067_feena_fam_earthlight,140
023_hiiragi_tsukasa,141
146_shinku,142
169_shihou_matsuri,143
026_tohsaka_rin,144
176_sendou_erika,145
164_shindou_chihiro,146
199_kusugawa_sasara,147
189_akizuki_ritsuko,148
013_saber,149
999_ito_chika,150
033_kagamine_len,151
084_okazaki_tomoya,152
113_lisianthus,153
005_lelouch_lamperouge,154
156_miyafuji_yoshika,155
050_megurine_luka,156
055_ibuki_fuuko,157
192_shirakawa_kotori,158
017_louise,159
160_ayasaki_hayate,160
028_tainaka_ritsu,161
006_akiyama_mio,162
178_milfeulle_sakuraba,163
086_tsuruya,164
098_mizunashi_akari,165
116_pastel_ink,166
018_kagamine_rin,167
166_katsura_kotonoha,168
106_nia,169
001_kinomoto_sakura,170
143_miura_azusa,171
154_kobayakawa_yutaka,172
